Round,Gouping,SenderID,ReceiverID,Send Group, Receiver Group, Coin, Message, Challenge
0,Unk,1,2,1,1,2,2,1
0,Unk,1,3,1,1,2,2,1
0,Unk,1,4,1,1,4,4,0
0,Unk,1,27,1,2,2,2,1
0,Unk,1,28,1,2,4,2,1
0,Unk,1,29,1,2,2,2,1
0,Unk,2,3,1,1,4,4,0
0,Unk,2,10,1,1,4,4,0
0,Unk,2,1,1,1,4,4,0
0,Unk,2,28,1,2,4,2,1
0,Unk,2,29,1,2,4,4,0
0,Unk,2,30,1,2,4,2,1
0,Unk,3,9,1,1,2,2,1
0,Unk,3,1,1,1,4,4,0
0,Unk,3,2,1,1,2,2,1
0,Unk,3,21,1,2,4,2,1
0,Unk,3,29,1,2,4,2,1
0,Unk,3,30,1,2,4,2,1
0,Unk,4,9,1,1,4,4,0
0,Unk,4,10,1,1,4,2,1
0,Unk,4,1,1,1,4,4,0
0,Unk,4,30,1,2,4,4,0
0,Unk,4,21,1,2,4,2,1
0,Unk,4,22,1,2,2,2,1
0,Unk,5,6,1,1,2,2,1
0,Unk,5,7,1,1,4,4,0
0,Unk,5,8,1,1,4,4,0
0,Unk,5,21,1,2,4,4,0
0,Unk,5,22,1,2,4,4,0
0,Unk,5,23,1,2,2,2,1
0,Unk,6,7,1,1,4,4,0
0,Unk,6,8,1,1,4,2,1
0,Unk,6,5,1,1,2,2,1
0,Unk,6,22,1,2,4,4,0
0,Unk,6,23,1,2,4,4,0
0,Unk,6,24,1,2,4,2,1
0,Unk,7,10,1,1,2,2,1
0,Unk,7,5,1,1,2,2,1
0,Unk,7,6,1,1,2,2,1
0,Unk,7,23,1,2,4,4,0
0,Unk,7,24,1,2,4,4,0
0,Unk,7,25,1,2,2,2,1
0,Unk,8,9,1,1,4,4,0
0,Unk,8,5,1,1,2,2,1
0,Unk,8,6,1,1,4,4,0
0,Unk,8,24,1,2,2,2,1
0,Unk,8,25,1,2,2,2,1
0,Unk,8,26,1,2,2,2,1
0,Unk,9,3,1,1,2,2,1
0,Unk,9,4,1,1,4,4,0
0,Unk,9,8,1,1,2,2,1
0,Unk,9,25,1,2,2,2,1
0,Unk,9,26,1,2,2,2,1
0,Unk,9,27,1,2,2,2,1
0,Unk,10,2,1,1,2,2,1
0,Unk,10,4,1,1,4,4,0
0,Unk,10,7,1,1,4,4,0
0,Unk,10,26,1,2,2,2,1
0,Unk,10,27,1,2,4,2,1
0,Unk,10,28,1,2,2,2,1
0,Unk,11,12,1,1,2,2,1
0,Unk,11,13,1,1,2,2,1
0,Unk,11,14,1,1,2,2,1
0,Unk,11,37,1,2,4,2,1
0,Unk,11,38,1,2,4,2,1
0,Unk,11,39,1,2,4,4,0
0,Unk,12,13,1,1,4,4,0
0,Unk,12,20,1,1,4,2,1
0,Unk,12,11,1,1,2,2,1
0,Unk,12,38,1,2,2,2,1
0,Unk,12,39,1,2,4,2,1
0,Unk,12,40,1,2,2,2,1
0,Unk,13,19,1,1,4,4,0
0,Unk,13,11,1,1,2,2,1
0,Unk,13,12,1,1,2,2,1
0,Unk,13,39,1,2,2,2,1
0,Unk,13,40,1,2,2,2,1
0,Unk,13,31,1,2,4,4,0
0,Unk,14,19,1,1,4,2,1
0,Unk,14,20,1,1,2,2,1
0,Unk,14,11,1,1,2,2,1
0,Unk,14,40,1,2,4,4,0
0,Unk,14,31,1,2,4,4,0
0,Unk,14,32,1,2,4,4,0
0,Unk,15,16,1,1,4,2,1
0,Unk,15,17,1,1,2,2,1
0,Unk,15,18,1,1,2,2,1
0,Unk,15,31,1,2,2,2,1
0,Unk,15,32,1,2,4,2,1
0,Unk,15,33,1,2,2,2,1
0,Unk,16,17,1,1,4,2,1
0,Unk,16,18,1,1,2,2,1
0,Unk,16,15,1,1,4,2,1
0,Unk,16,32,1,2,2,2,1
0,Unk,16,33,1,2,2,2,1
0,Unk,16,34,1,2,4,2,1
0,Unk,17,20,1,1,2,2,1
0,Unk,17,15,1,1,2,2,1
0,Unk,17,16,1,1,4,2,1
0,Unk,17,33,1,2,4,4,0
0,Unk,17,34,1,2,2,2,1
0,Unk,17,35,1,2,4,2,1
0,Unk,18,19,1,1,2,2,1
0,Unk,18,15,1,1,4,4,0
0,Unk,18,16,1,1,2,2,1
0,Unk,18,34,1,2,4,4,0
0,Unk,18,35,1,2,2,2,1
0,Unk,18,36,1,2,2,2,1
0,Unk,19,13,1,1,2,2,1
0,Unk,19,14,1,1,2,2,1
0,Unk,19,18,1,1,4,4,0
0,Unk,19,35,1,2,4,4,0
0,Unk,19,36,1,2,2,2,1
0,Unk,19,37,1,2,2,2,1
0,Unk,20,12,1,1,4,4,0
0,Unk,20,14,1,1,2,2,1
0,Unk,20,17,1,1,4,4,0
0,Unk,20,36,1,2,2,2,1
0,Unk,20,37,1,2,4,2,1
0,Unk,20,38,1,2,4,2,1
0,Unk,21,3,2,1,4,4,0
0,Unk,21,4,2,1,2,2,1
0,Unk,21,5,2,1,4,4,0
0,Unk,21,22,2,2,4,4,0
0,Unk,21,23,2,2,2,2,1
0,Unk,21,24,2,2,4,2,1
0,Unk,22,4,2,1,2,2,1
0,Unk,22,5,2,1,2,2,1
0,Unk,22,6,2,1,4,4,0
0,Unk,22,23,2,2,4,4,0
0,Unk,22,30,2,2,2,2,1
0,Unk,22,21,2,2,4,4,0
0,Unk,23,5,2,1,2,2,1
0,Unk,23,6,2,1,4,2,1
0,Unk,23,7,2,1,4,2,1
0,Unk,23,29,2,2,2,2,1
0,Unk,23,21,2,2,2,2,1
0,Unk,23,22,2,2,4,4,0
0,Unk,24,6,2,1,4,2,1
0,Unk,24,7,2,1,4,2,1
0,Unk,24,8,2,1,4,2,1
0,Unk,24,29,2,2,4,4,0
0,Unk,24,30,2,2,4,4,0
0,Unk,24,21,2,2,4,2,1
0,Unk,25,7,2,1,2,2,1
0,Unk,25,8,2,1,2,2,1
0,Unk,25,9,2,1,2,2,1
0,Unk,25,26,2,2,4,4,0
0,Unk,25,27,2,2,4,2,1
0,Unk,25,28,2,2,4,4,0
0,Unk,26,8,2,1,4,4,0
0,Unk,26,9,2,1,2,2,1
0,Unk,26,10,2,1,2,2,1
0,Unk,26,27,2,2,4,2,1
0,Unk,26,28,2,2,4,4,0
0,Unk,26,25,2,2,2,2,1
0,Unk,27,1,2,1,2,2,0
0,Unk,27,9,2,1,4,4,0
0,Unk,27,10,2,1,2,2,1
0,Unk,27,30,2,2,2,2,1
0,Unk,27,25,2,2,4,2,1
0,Unk,27,26,2,2,2,2,1
0,Unk,28,1,2,1,2,2,0
0,Unk,28,2,2,1,4,2,1
0,Unk,28,10,2,1,2,2,1
0,Unk,28,29,2,2,2,2,1
0,Unk,28,25,2,2,2,2,1
0,Unk,28,26,2,2,4,4,0
0,Unk,29,1,2,1,2,2,0
0,Unk,29,2,2,1,4,2,1
0,Unk,29,3,2,1,4,4,0
0,Unk,29,23,2,2,2,2,1
0,Unk,29,24,2,2,4,2,1
0,Unk,29,28,2,2,4,4,0
0,Unk,30,2,2,1,4,4,0
0,Unk,30,3,2,1,4,4,0
0,Unk,30,4,2,1,4,2,1
0,Unk,30,22,2,2,2,2,1
0,Unk,30,27,2,2,4,4,0
0,Unk,30,24,2,2,2,2,1
0,Unk,31,13,2,1,2,2,1
0,Unk,31,14,2,1,4,2,1
0,Unk,31,15,2,1,4,2,1
0,Unk,31,32,2,2,4,2,1
0,Unk,31,33,2,2,4,4,0
0,Unk,31,34,2,2,4,2,1
0,Unk,32,14,2,1,2,2,1
0,Unk,32,15,2,1,4,2,1
0,Unk,32,16,2,1,4,2,1
0,Unk,32,33,2,2,4,4,0
0,Unk,32,40,2,2,4,2,1
0,Unk,32,31,2,2,4,4,0
0,Unk,33,15,2,1,4,2,1
0,Unk,33,16,2,1,4,4,0
0,Unk,33,17,2,1,4,4,0
0,Unk,33,39,2,2,4,2,1
0,Unk,33,31,2,2,4,2,1
0,Unk,33,32,2,2,4,2,1
0,Unk,34,16,2,1,4,4,0
0,Unk,34,17,2,1,2,2,1
0,Unk,34,18,2,1,2,2,1
0,Unk,34,39,2,2,2,2,1
0,Unk,34,40,2,2,2,2,1
0,Unk,34,31,2,2,2,2,1
0,Unk,35,17,2,1,4,4,0
0,Unk,35,18,2,1,4,4,0
0,Unk,35,19,2,1,2,2,1
0,Unk,35,36,2,2,4,2,1
0,Unk,35,37,2,2,2,2,1
0,Unk,35,38,2,2,2,2,1
0,Unk,36,18,2,1,4,4,0
0,Unk,36,19,2,1,4,2,1
0,Unk,36,20,2,1,2,2,1
0,Unk,36,37,2,2,2,2,1
0,Unk,36,38,2,2,4,2,1
0,Unk,36,35,2,2,4,2,1
0,Unk,37,11,2,1,4,2,1
0,Unk,37,19,2,1,4,4,0
0,Unk,37,20,2,1,4,4,0
0,Unk,37,40,2,2,4,4,0
0,Unk,37,35,2,2,2,2,1
0,Unk,37,36,2,2,2,2,1
0,Unk,38,11,2,1,2,2,1
0,Unk,38,12,2,1,2,2,1
0,Unk,38,20,2,1,2,2,1
0,Unk,38,39,2,2,4,4,0
0,Unk,38,33,2,2,2,2,1
0,Unk,38,34,2,2,2,2,1
0,Unk,39,11,2,1,2,2,1
0,Unk,39,12,2,1,2,2,1
0,Unk,39,13,2,1,2,2,1
0,Unk,39,34,2,2,2,2,1
0,Unk,39,37,2,2,4,2,1
0,Unk,39,36,2,2,2,2,1
0,Unk,40,12,2,1,4,4,0
0,Unk,40,13,2,1,4,4,0
0,Unk,40,14,2,1,4,4,0
0,Unk,40,32,2,2,4,4,0
0,Unk,40,35,2,2,2,2,1
0,Unk,40,38,2,2,4,4,0
0,Same,1,5,1,1,2,2,1
0,Same,1,6,1,1,2,2,1
0,Same,1,7,1,1,2,2,1
0,Same,1,8,1,1,2,2,1
0,Same,1,9,1,1,4,4,0
0,Same,1,10,1,1,2,2,1
0,Same,2,4,1,1,4,4,0
0,Same,2,5,1,1,2,2,1
0,Same,2,6,1,1,2,2,1
0,Same,2,7,1,1,4,2,1
0,Same,2,8,1,1,2,2,1
0,Same,2,9,1,1,4,2,1
0,Same,3,4,1,1,4,2,1
0,Same,3,5,1,1,2,2,1
0,Same,3,6,1,1,4,4,0
0,Same,3,7,1,1,4,4,0
0,Same,3,8,1,1,4,4,0
0,Same,3,10,1,1,2,2,1
0,Same,4,5,1,1,4,4,0
0,Same,4,6,1,1,2,2,1
0,Same,4,7,1,1,2,2,1
0,Same,4,8,1,1,2,2,1
0,Same,4,2,1,1,4,2,1
0,Same,4,3,1,1,4,2,1
0,Same,5,9,1,1,4,2,1
0,Same,5,10,1,1,2,2,1
0,Same,5,1,1,1,2,2,1
0,Same,5,2,1,1,2,2,1
0,Same,5,3,1,1,2,2,1
0,Same,5,4,1,1,2,2,1
0,Same,6,9,1,1,2,2,1
0,Same,6,10,1,1,4,2,1
0,Same,6,1,1,1,2,2,0
0,Same,6,2,1,1,2,2,1
0,Same,6,3,1,1,4,4,0
0,Same,6,4,1,1,4,2,1
0,Same,7,8,1,1,4,4,0
0,Same,7,9,1,1,4,4,0
0,Same,7,1,1,1,2,2,0
0,Same,7,2,1,1,2,2,1
0,Same,7,3,1,1,2,2,1
0,Same,7,4,1,1,4,2,1
0,Same,8,10,1,1,2,2,1
0,Same,8,1,1,1,2,2,0
0,Same,8,2,1,1,2,2,1
0,Same,8,3,1,1,2,2,1
0,Same,8,4,1,1,4,2,1
0,Same,8,7,1,1,4,4,0
0,Same,9,10,1,1,2,2,1
0,Same,9,1,1,1,4,2,0
0,Same,9,2,1,1,2,2,1
0,Same,9,5,1,1,2,2,1
0,Same,9,6,1,1,4,4,0
0,Same,9,7,1,1,2,2,1
0,Same,10,1,1,1,2,2,0
0,Same,10,3,1,1,4,4,0
0,Same,10,5,1,1,2,2,1
0,Same,10,6,1,1,2,2,1
0,Same,10,8,1,1,4,4,0
0,Same,10,9,1,1,4,4,0
0,Same,11,15,1,1,2,2,1
0,Same,11,16,1,1,2,2,1
0,Same,11,17,1,1,2,2,1
0,Same,11,18,1,1,2,2,1
0,Same,11,19,1,1,2,2,1
0,Same,11,20,1,1,2,2,1
0,Same,12,14,1,1,2,2,1
0,Same,12,15,1,1,4,2,1
0,Same,12,16,1,1,4,4,0
0,Same,12,17,1,1,2,2,1
0,Same,12,18,1,1,2,2,1
0,Same,12,19,1,1,4,4,0
0,Same,13,14,1,1,4,4,0
0,Same,13,15,1,1,2,2,1
0,Same,13,16,1,1,2,2,1
0,Same,13,17,1,1,4,2,1
0,Same,13,18,1,1,2,2,1
0,Same,13,20,1,1,2,2,1
0,Same,14,15,1,1,4,2,1
0,Same,14,16,1,1,2,2,1
0,Same,14,17,1,1,4,4,0
0,Same,14,18,1,1,4,2,1
0,Same,14,12,1,1,2,2,1
0,Same,14,13,1,1,2,2,1
0,Same,15,19,1,1,2,2,1
0,Same,15,20,1,1,2,2,1
0,Same,15,11,1,1,4,4,0
0,Same,15,12,1,1,2,2,1
0,Same,15,13,1,1,4,2,1
0,Same,15,14,1,1,2,2,1
0,Same,16,19,1,1,4,4,0
0,Same,16,20,1,1,2,2,1
0,Same,16,11,1,1,4,4,0
0,Same,16,12,1,1,2,2,1
0,Same,16,13,1,1,2,2,1
0,Same,16,14,1,1,2,2,1
0,Same,17,18,1,1,4,4,0
0,Same,17,19,1,1,2,2,1
0,Same,17,11,1,1,2,2,1
0,Same,17,12,1,1,4,4,0
0,Same,17,13,1,1,4,2,1
0,Same,17,14,1,1,4,2,1
0,Same,18,20,1,1,4,2,1
0,Same,18,11,1,1,2,2,1
0,Same,18,12,1,1,4,4,0
0,Same,18,13,1,1,2,2,1
0,Same,18,14,1,1,4,2,1
0,Same,18,17,1,1,2,2,1
0,Same,19,20,1,1,4,2,1
0,Same,19,11,1,1,2,2,1
0,Same,19,12,1,1,2,2,1
0,Same,19,15,1,1,4,2,1
0,Same,19,16,1,1,2,2,1
0,Same,19,17,1,1,2,2,1
0,Same,20,11,1,1,2,2,1
0,Same,20,13,1,1,2,2,1
0,Same,20,15,1,1,2,2,1
0,Same,20,16,1,1,2,2,1
0,Same,20,18,1,1,2,2,1
0,Same,20,19,1,1,2,2,1
0,Same,21,25,2,2,2,2,1
0,Same,21,26,2,2,4,2,1
0,Same,21,27,2,2,4,2,1
0,Same,21,28,2,2,2,2,1
0,Same,21,29,2,2,2,2,1
0,Same,21,30,2,2,4,2,1
0,Same,22,24,2,2,2,2,1
0,Same,22,25,2,2,4,4,0
0,Same,22,26,2,2,4,4,0
0,Same,22,27,2,2,4,2,1
0,Same,22,28,2,2,2,2,1
0,Same,22,29,2,2,4,4,0
0,Same,23,24,2,2,4,4,0
0,Same,23,25,2,2,4,4,0
0,Same,23,26,2,2,4,4,0
0,Same,23,27,2,2,4,4,0
0,Same,23,28,2,2,4,2,1
0,Same,23,30,2,2,2,2,1
0,Same,24,25,2,2,2,2,1
0,Same,24,26,2,2,2,2,1
0,Same,24,27,2,2,2,2,1
0,Same,24,28,2,2,4,4,0
0,Same,24,22,2,2,4,4,0
0,Same,24,23,2,2,2,2,1
0,Same,25,29,2,2,2,2,1
0,Same,25,30,2,2,2,2,1
0,Same,25,21,2,2,4,2,1
0,Same,25,22,2,2,4,4,0
0,Same,25,23,2,2,2,2,1
0,Same,25,24,2,2,4,4,0
0,Same,26,29,2,2,2,2,1
0,Same,26,30,2,2,4,2,1
0,Same,26,21,2,2,4,2,1
0,Same,26,22,2,2,4,2,1
0,Same,26,23,2,2,4,2,1
0,Same,26,24,2,2,2,2,1
0,Same,27,28,2,2,4,2,1
0,Same,27,29,2,2,2,2,1
0,Same,27,21,2,2,2,2,1
0,Same,27,22,2,2,4,2,1
0,Same,27,23,2,2,4,4,0
0,Same,27,24,2,2,2,2,1
0,Same,28,30,2,2,4,2,1
0,Same,28,21,2,2,4,2,1
0,Same,28,22,2,2,2,2,1
0,Same,28,23,2,2,2,2,1
0,Same,28,24,2,2,4,4,0
0,Same,28,27,2,2,2,2,1
0,Same,29,30,2,2,4,2,1
0,Same,29,21,2,2,2,2,1
0,Same,29,22,2,2,4,2,1
0,Same,29,25,2,2,2,2,1
0,Same,29,26,2,2,4,4,0
0,Same,29,27,2,2,4,2,1
0,Same,30,21,2,2,4,4,0
0,Same,30,23,2,2,2,2,1
0,Same,30,25,2,2,2,2,1
0,Same,30,26,2,2,4,4,0
0,Same,30,28,2,2,4,2,1
0,Same,30,29,2,2,2,2,1
0,Same,31,35,2,2,2,2,1
0,Same,31,36,2,2,4,4,0
0,Same,31,37,2,2,2,2,1
0,Same,31,38,2,2,4,4,0
0,Same,31,39,2,2,4,4,0
0,Same,31,40,2,2,2,2,1
0,Same,32,34,2,2,4,2,1
0,Same,32,35,2,2,4,4,0
0,Same,32,36,2,2,2,2,1
0,Same,32,37,2,2,2,2,1
0,Same,32,38,2,2,2,2,1
0,Same,32,39,2,2,4,4,0
0,Same,33,34,2,2,4,2,1
0,Same,33,35,2,2,2,2,1
0,Same,33,36,2,2,4,2,1
0,Same,33,37,2,2,4,2,1
0,Same,33,38,2,2,4,4,0
0,Same,33,40,2,2,4,2,1
0,Same,34,35,2,2,2,2,1
0,Same,34,36,2,2,2,2,1
0,Same,34,37,2,2,2,2,1
0,Same,34,38,2,2,4,4,0
0,Same,34,32,2,2,2,2,1
0,Same,34,33,2,2,2,2,1
0,Same,35,39,2,2,4,4,0
0,Same,35,40,2,2,2,2,1
0,Same,35,31,2,2,2,2,1
0,Same,35,32,2,2,2,2,1
0,Same,35,33,2,2,4,2,1
0,Same,35,34,2,2,4,4,0
0,Same,36,39,2,2,2,2,1
0,Same,36,40,2,2,2,2,1
0,Same,36,31,2,2,2,2,1
0,Same,36,32,2,2,2,2,1
0,Same,36,33,2,2,2,2,1
0,Same,36,34,2,2,4,4,0
0,Same,37,38,2,2,4,2,1
0,Same,37,39,2,2,4,2,1
0,Same,37,31,2,2,4,4,0
0,Same,37,32,2,2,4,2,1
0,Same,37,33,2,2,2,2,1
0,Same,37,34,2,2,2,2,1
0,Same,38,40,2,2,4,4,0
0,Same,38,31,2,2,4,4,0
0,Same,38,32,2,2,4,2,1
0,Same,38,33,2,2,2,2,1
0,Same,38,34,2,2,2,2,1
0,Same,38,37,2,2,2,2,1
0,Same,39,40,2,2,2,2,1
0,Same,39,31,2,2,4,4,0
0,Same,39,32,2,2,2,2,1
0,Same,39,35,2,2,4,2,1
0,Same,39,36,2,2,2,2,1
0,Same,39,37,2,2,2,2,1
0,Same,40,31,2,2,4,4,0
0,Same,40,33,2,2,2,2,1
0,Same,40,35,2,2,2,2,1
0,Same,40,36,2,2,2,2,1
0,Same,40,38,2,2,4,4,0
0,Same,40,39,2,2,4,2,1
0,Diff,1,21,1,2,2,2,1
0,Diff,1,22,1,2,4,4,0
0,Diff,1,23,1,2,4,4,0
0,Diff,1,24,1,2,2,2,1
0,Diff,1,25,1,2,2,2,1
0,Diff,1,26,1,2,2,2,1
0,Diff,2,22,1,2,2,2,1
0,Diff,2,23,1,2,4,4,0
0,Diff,2,24,1,2,2,2,1
0,Diff,2,25,1,2,2,2,1
0,Diff,2,26,1,2,2,2,1
0,Diff,2,27,1,2,4,4,0
0,Diff,3,23,1,2,4,4,0
0,Diff,3,24,1,2,2,2,1
0,Diff,3,25,1,2,4,4,0
0,Diff,3,26,1,2,2,2,1
0,Diff,3,27,1,2,4,2,1
0,Diff,3,28,1,2,4,2,1
0,Diff,4,24,1,2,2,2,1
0,Diff,4,25,1,2,4,2,1
0,Diff,4,26,1,2,2,2,1
0,Diff,4,27,1,2,2,2,1
0,Diff,4,28,1,2,2,2,1
0,Diff,4,29,1,2,2,2,1
0,Diff,5,25,1,2,2,2,1
0,Diff,5,26,1,2,4,4,0
0,Diff,5,27,1,2,4,4,0
0,Diff,5,28,1,2,2,2,1
0,Diff,5,29,1,2,4,4,0
0,Diff,5,30,1,2,4,2,1
0,Diff,6,26,1,2,2,2,1
0,Diff,6,27,1,2,4,2,1
0,Diff,6,28,1,2,4,4,0
0,Diff,6,29,1,2,2,2,1
0,Diff,6,30,1,2,4,2,1
0,Diff,6,21,1,2,2,2,1
0,Diff,7,27,1,2,2,2,1
0,Diff,7,28,1,2,2,2,1
0,Diff,7,29,1,2,2,2,1
0,Diff,7,30,1,2,4,4,0
0,Diff,7,21,1,2,4,4,0
0,Diff,7,22,1,2,4,2,1
0,Diff,8,28,1,2,2,2,1
0,Diff,8,29,1,2,2,2,1
0,Diff,8,30,1,2,2,2,1
0,Diff,8,21,1,2,4,2,1
0,Diff,8,22,1,2,4,2,1
0,Diff,8,23,1,2,4,2,1
0,Diff,9,29,1,2,4,4,0
0,Diff,9,30,1,2,4,4,0
0,Diff,9,21,1,2,2,2,1
0,Diff,9,22,1,2,2,2,1
0,Diff,9,23,1,2,2,2,1
0,Diff,9,24,1,2,2,2,1
0,Diff,10,30,1,2,2,2,1
0,Diff,10,21,1,2,2,2,1
0,Diff,10,22,1,2,2,2,1
0,Diff,10,23,1,2,4,2,1
0,Diff,10,24,1,2,2,2,1
0,Diff,10,25,1,2,4,4,0
0,Diff,11,31,1,2,2,2,1
0,Diff,11,32,1,2,2,2,1
0,Diff,11,33,1,2,4,2,1
0,Diff,11,34,1,2,2,2,1
0,Diff,11,35,1,2,4,4,0
0,Diff,11,36,1,2,4,4,0
0,Diff,12,32,1,2,4,2,1
0,Diff,12,33,1,2,4,2,1
0,Diff,12,34,1,2,2,2,1
0,Diff,12,35,1,2,2,2,1
0,Diff,12,36,1,2,4,2,1
0,Diff,12,37,1,2,2,2,1
0,Diff,13,33,1,2,2,2,1
0,Diff,13,34,1,2,4,4,0
0,Diff,13,35,1,2,4,2,1
0,Diff,13,36,1,2,4,2,1
0,Diff,13,37,1,2,2,2,1
0,Diff,13,38,1,2,2,2,1
0,Diff,14,34,1,2,2,2,1
0,Diff,14,35,1,2,2,2,1
0,Diff,14,36,1,2,4,2,1
0,Diff,14,37,1,2,2,2,1
0,Diff,14,38,1,2,2,2,1
0,Diff,14,39,1,2,2,2,1
0,Diff,15,35,1,2,4,4,0
0,Diff,15,36,1,2,4,4,0
0,Diff,15,37,1,2,4,4,0
0,Diff,15,38,1,2,2,2,1
0,Diff,15,39,1,2,4,2,1
0,Diff,15,40,1,2,2,2,1
0,Diff,16,36,1,2,2,2,1
0,Diff,16,37,1,2,4,2,1
0,Diff,16,38,1,2,2,2,1
0,Diff,16,39,1,2,2,2,1
0,Diff,16,40,1,2,2,2,1
0,Diff,16,31,1,2,4,4,0
0,Diff,17,37,1,2,2,2,1
0,Diff,17,38,1,2,2,2,1
0,Diff,17,39,1,2,2,2,1
0,Diff,17,40,1,2,4,4,0
0,Diff,17,31,1,2,2,2,1
0,Diff,17,32,1,2,2,2,1
0,Diff,18,38,1,2,2,2,1
0,Diff,18,39,1,2,4,2,1
0,Diff,18,40,1,2,2,2,1
0,Diff,18,31,1,2,4,4,0
0,Diff,18,32,1,2,2,2,1
0,Diff,18,33,1,2,4,4,0
0,Diff,19,39,1,2,2,2,1
0,Diff,19,40,1,2,4,4,0
0,Diff,19,31,1,2,4,4,0
0,Diff,19,32,1,2,4,2,1
0,Diff,19,33,1,2,2,2,1
0,Diff,19,34,1,2,4,4,0
0,Diff,20,40,1,2,2,2,1
0,Diff,20,31,1,2,4,2,1
0,Diff,20,32,1,2,2,2,1
0,Diff,20,33,1,2,2,2,1
0,Diff,20,34,1,2,2,2,1
0,Diff,20,35,1,2,4,2,1
0,Diff,21,1,2,1,4,2,0
0,Diff,21,6,2,1,4,4,0
0,Diff,21,7,2,1,2,2,1
0,Diff,21,8,2,1,2,2,1
0,Diff,21,9,2,1,2,2,1
0,Diff,21,10,2,1,4,2,1
0,Diff,22,1,2,1,2,2,0
0,Diff,22,2,2,1,4,4,0
0,Diff,22,7,2,1,2,2,1
0,Diff,22,8,2,1,2,2,1
0,Diff,22,9,2,1,2,2,1
0,Diff,22,10,2,1,2,2,1
0,Diff,23,1,2,1,4,4,0
0,Diff,23,2,2,1,2,2,1
0,Diff,23,3,2,1,4,4,0
0,Diff,23,8,2,1,2,2,1
0,Diff,23,9,2,1,4,4,0
0,Diff,23,10,2,1,4,2,1
0,Diff,24,1,2,1,2,2,0
0,Diff,24,2,2,1,2,2,1
0,Diff,24,3,2,1,2,2,1
0,Diff,24,4,2,1,2,2,1
0,Diff,24,9,2,1,4,4,0
0,Diff,24,10,2,1,4,4,0
0,Diff,25,1,2,1,4,4,0
0,Diff,25,2,2,1,2,2,1
0,Diff,25,3,2,1,2,2,1
0,Diff,25,4,2,1,2,2,1
0,Diff,25,5,2,1,2,2,1
0,Diff,25,10,2,1,2,2,1
0,Diff,26,1,2,1,2,2,1
0,Diff,26,2,2,1,2,2,1
0,Diff,26,3,2,1,2,2,1
0,Diff,26,4,2,1,2,2,1
0,Diff,26,5,2,1,4,2,1
0,Diff,26,6,2,1,4,2,1
0,Diff,27,2,2,1,4,2,1
0,Diff,27,3,2,1,4,2,1
0,Diff,27,4,2,1,2,2,1
0,Diff,27,5,2,1,2,2,1
0,Diff,27,6,2,1,2,2,1
0,Diff,27,7,2,1,2,2,1
0,Diff,28,3,2,1,2,2,1
0,Diff,28,4,2,1,2,2,1
0,Diff,28,5,2,1,2,2,1
0,Diff,28,6,2,1,4,4,0
0,Diff,28,7,2,1,2,2,1
0,Diff,28,8,2,1,2,2,1
0,Diff,29,4,2,1,2,2,1
0,Diff,29,5,2,1,4,2,1
0,Diff,29,6,2,1,4,4,0
0,Diff,29,7,2,1,4,2,1
0,Diff,29,8,2,1,2,2,1
0,Diff,29,9,2,1,2,2,1
0,Diff,30,5,2,1,4,4,0
0,Diff,30,6,2,1,4,2,1
0,Diff,30,7,2,1,4,2,1
0,Diff,30,8,2,1,4,2,1
0,Diff,30,9,2,1,2,2,1
0,Diff,30,10,2,1,4,2,1
0,Diff,31,11,2,1,4,2,1
0,Diff,31,16,2,1,2,2,1
0,Diff,31,17,2,1,2,2,1
0,Diff,31,18,2,1,2,2,1
0,Diff,31,19,2,1,4,4,0
0,Diff,31,20,2,1,2,2,1
0,Diff,32,11,2,1,4,2,1
0,Diff,32,12,2,1,4,2,1
0,Diff,32,17,2,1,2,2,1
0,Diff,32,18,2,1,2,2,1
0,Diff,32,19,2,1,4,4,0
0,Diff,32,20,2,1,4,4,0
0,Diff,33,11,2,1,4,4,0
0,Diff,33,12,2,1,4,4,0
0,Diff,33,13,2,1,4,2,1
0,Diff,33,18,2,1,4,4,0
0,Diff,33,19,2,1,2,2,1
0,Diff,33,20,2,1,2,2,1
0,Diff,34,11,2,1,4,4,0
0,Diff,34,12,2,1,2,2,1
0,Diff,34,13,2,1,2,2,1
0,Diff,34,14,2,1,4,4,0
0,Diff,34,19,2,1,2,2,1
0,Diff,34,20,2,1,2,2,1
0,Diff,35,11,2,1,2,2,1
0,Diff,35,12,2,1,4,2,1
0,Diff,35,13,2,1,4,2,1
0,Diff,35,14,2,1,4,2,1
0,Diff,35,15,2,1,4,4,0
0,Diff,35,20,2,1,4,2,1
0,Diff,36,11,2,1,4,4,0
0,Diff,36,12,2,1,2,2,1
0,Diff,36,13,2,1,4,2,1
0,Diff,36,14,2,1,4,4,0
0,Diff,36,15,2,1,2,2,1
0,Diff,36,16,2,1,4,4,0
0,Diff,37,12,2,1,2,2,1
0,Diff,37,13,2,1,2,2,1
0,Diff,37,14,2,1,4,2,1
0,Diff,37,15,2,1,2,2,1
0,Diff,37,16,2,1,4,2,1
0,Diff,37,17,2,1,4,4,0
0,Diff,38,13,2,1,4,2,1
0,Diff,38,14,2,1,2,2,1
0,Diff,38,15,2,1,2,2,1
0,Diff,38,16,2,1,2,2,1
0,Diff,38,17,2,1,2,2,1
0,Diff,38,18,2,1,2,2,1
0,Diff,39,14,2,1,2,2,1
0,Diff,39,15,2,1,2,2,1
0,Diff,39,16,2,1,2,2,1
0,Diff,39,17,2,1,4,4,0
0,Diff,39,18,2,1,2,2,1
0,Diff,39,19,2,1,2,2,1
0,Diff,40,15,2,1,2,2,1
0,Diff,40,16,2,1,2,2,1
0,Diff,40,17,2,1,4,4,0
0,Diff,40,18,2,1,2,2,1
0,Diff,40,19,2,1,4,4,0
0,Diff,40,20,2,1,2,2,1
1,Unk,1,15,1,1,4,4,0
1,Unk,1,14,1,1,2,2,1
1,Unk,1,13,1,1,2,2,1
1,Unk,1,37,1,2,2,2,1
1,Unk,1,38,1,2,4,4,0
1,Unk,1,39,1,2,2,2,1
1,Unk,2,16,1,1,2,2,1
1,Unk,2,15,1,1,2,2,1
1,Unk,2,14,1,1,2,2,1
1,Unk,2,38,1,2,4,4,0
1,Unk,2,39,1,2,2,2,1
1,Unk,2,40,1,2,4,4,0
1,Unk,3,17,1,1,4,4,0
1,Unk,3,16,1,1,4,2,1
1,Unk,3,15,1,1,4,2,1
1,Unk,3,39,1,2,2,2,1
1,Unk,3,40,1,2,2,2,1
1,Unk,3,31,1,2,4,2,1
1,Unk,4,18,1,1,2,2,1
1,Unk,4,17,1,1,2,2,1
1,Unk,4,16,1,1,2,2,1
1,Unk,4,40,1,2,2,2,1
1,Unk,4,31,1,2,2,2,1
1,Unk,4,32,1,2,4,4,0
1,Unk,5,19,1,1,4,4,0
1,Unk,5,18,1,1,2,2,1
1,Unk,5,17,1,1,2,2,1
1,Unk,5,31,1,2,2,2,1
1,Unk,5,32,1,2,2,2,1
1,Unk,5,33,1,2,2,2,1
1,Unk,6,20,1,1,4,2,1
1,Unk,6,19,1,1,4,2,1
1,Unk,6,18,1,1,4,4,0
1,Unk,6,32,1,2,2,2,1
1,Unk,6,33,1,2,2,2,1
1,Unk,6,34,1,2,2,2,1
1,Unk,7,11,1,1,2,2,1
1,Unk,7,20,1,1,4,2,1
1,Unk,7,19,1,1,4,4,0
1,Unk,7,33,1,2,2,2,1
1,Unk,7,34,1,2,2,2,1
1,Unk,7,35,1,2,2,2,1
1,Unk,8,12,1,1,2,2,1
1,Unk,8,11,1,1,2,2,1
1,Unk,8,20,1,1,2,2,1
1,Unk,8,34,1,2,4,2,1
1,Unk,8,35,1,2,2,2,1
1,Unk,8,36,1,2,4,4,0
1,Unk,9,13,1,1,2,2,1
1,Unk,9,12,1,1,4,2,1
1,Unk,9,11,1,1,4,4,0
1,Unk,9,35,1,2,2,2,1
1,Unk,9,36,1,2,2,2,1
1,Unk,9,37,1,2,2,2,1
1,Unk,10,14,1,1,2,2,1
1,Unk,10,13,1,1,2,2,1
1,Unk,10,12,1,1,2,2,1
1,Unk,10,36,1,2,4,2,1
1,Unk,10,37,1,2,2,2,1
1,Unk,10,38,1,2,2,2,1
1,Unk,11,7,1,1,4,2,1
1,Unk,11,8,1,1,4,4,0
1,Unk,11,9,1,1,4,4,0
1,Unk,11,27,1,2,4,4,0
1,Unk,11,28,1,2,4,4,0
1,Unk,11,29,1,2,4,2,1
1,Unk,12,8,1,1,2,2,1
1,Unk,12,9,1,1,2,2,1
1,Unk,12,10,1,1,4,2,1
1,Unk,12,28,1,2,2,2,1
1,Unk,12,29,1,2,4,4,0
1,Unk,12,30,1,2,4,2,1
1,Unk,13,9,1,1,4,2,1
1,Unk,13,10,1,1,2,2,1
1,Unk,13,1,1,1,2,2,0
1,Unk,13,29,1,2,2,2,1
1,Unk,13,30,1,2,4,2,1
1,Unk,13,21,1,2,2,2,1
1,Unk,14,10,1,1,4,2,1
1,Unk,14,1,1,1,4,2,0
1,Unk,14,2,1,1,4,4,0
1,Unk,14,30,1,2,4,4,0
1,Unk,14,21,1,2,2,2,1
1,Unk,14,22,1,2,4,4,0
1,Unk,15,1,1,1,2,2,0
1,Unk,15,2,1,1,2,2,1
1,Unk,15,3,1,1,4,4,0
1,Unk,15,21,1,2,4,4,0
1,Unk,15,22,1,2,4,2,1
1,Unk,15,23,1,2,4,2,1
1,Unk,16,2,1,1,4,4,0
1,Unk,16,3,1,1,2,2,1
1,Unk,16,4,1,1,2,2,1
1,Unk,16,22,1,2,2,2,1
1,Unk,16,23,1,2,2,2,1
1,Unk,16,24,1,2,2,2,1
1,Unk,17,3,1,1,2,2,1
1,Unk,17,4,1,1,2,2,1
1,Unk,17,5,1,1,2,2,1
1,Unk,17,23,1,2,2,2,1
1,Unk,17,24,1,2,2,2,1
1,Unk,17,25,1,2,2,2,1
1,Unk,18,4,1,1,4,2,1
1,Unk,18,5,1,1,2,2,1
1,Unk,18,6,1,1,4,2,1
1,Unk,18,24,1,2,2,2,1
1,Unk,18,25,1,2,2,2,1
1,Unk,18,26,1,2,4,2,1
1,Unk,19,5,1,1,4,2,1
1,Unk,19,6,1,1,2,2,1
1,Unk,19,7,1,1,2,2,1
1,Unk,19,25,1,2,2,2,1
1,Unk,19,26,1,2,2,2,1
1,Unk,19,27,1,2,2,2,1
1,Unk,20,6,1,1,4,4,0
1,Unk,20,7,1,1,2,2,1
1,Unk,20,8,1,1,4,4,0
1,Unk,20,26,1,2,4,2,1
1,Unk,20,27,1,2,4,2,1
1,Unk,20,28,1,2,4,4,0
1,Unk,21,15,2,1,4,2,1
1,Unk,21,14,2,1,4,2,1
1,Unk,21,13,2,1,4,4,0
1,Unk,21,35,2,2,2,2,1
1,Unk,21,34,2,2,2,2,1
1,Unk,21,33,2,2,4,2,1
1,Unk,22,16,2,1,4,2,1
1,Unk,22,15,2,1,2,2,1
1,Unk,22,14,2,1,2,2,1
1,Unk,22,36,2,2,2,2,1
1,Unk,22,35,2,2,2,2,1
1,Unk,22,34,2,2,2,2,1
1,Unk,23,17,2,1,2,2,1
1,Unk,23,16,2,1,2,2,1
1,Unk,23,15,2,1,2,2,1
1,Unk,23,37,2,2,2,2,1
1,Unk,23,36,2,2,4,2,1
1,Unk,23,35,2,2,2,2,1
1,Unk,24,18,2,1,4,2,1
1,Unk,24,17,2,1,2,2,1
1,Unk,24,16,2,1,4,2,1
1,Unk,24,38,2,2,2,2,1
1,Unk,24,37,2,2,2,2,1
1,Unk,24,36,2,2,4,4,0
1,Unk,25,19,2,1,4,4,0
1,Unk,25,18,2,1,4,2,1
1,Unk,25,17,2,1,4,2,1
1,Unk,25,39,2,2,4,2,1
1,Unk,25,38,2,2,4,4,0
1,Unk,25,37,2,2,4,4,0
1,Unk,26,20,2,1,4,2,1
1,Unk,26,19,2,1,4,4,0
1,Unk,26,18,2,1,4,4,0
1,Unk,26,40,2,2,4,4,0
1,Unk,26,39,2,2,2,2,1
1,Unk,26,38,2,2,4,4,0
1,Unk,27,11,2,1,2,2,1
1,Unk,27,20,2,1,2,2,1
1,Unk,27,19,2,1,4,2,1
1,Unk,27,31,2,2,4,2,1
1,Unk,27,40,2,2,4,2,1
1,Unk,27,39,2,2,4,2,1
1,Unk,28,12,2,1,4,2,1
1,Unk,28,11,2,1,2,2,1
1,Unk,28,20,2,1,4,4,0
1,Unk,28,32,2,2,2,2,1
1,Unk,28,31,2,2,4,4,0
1,Unk,28,40,2,2,4,4,0
1,Unk,29,13,2,1,4,2,1
1,Unk,29,12,2,1,2,2,1
1,Unk,29,11,2,1,4,2,1
1,Unk,29,33,2,2,2,2,1
1,Unk,29,32,2,2,2,2,1
1,Unk,29,31,2,2,2,2,1
1,Unk,30,14,2,1,4,2,1
1,Unk,30,13,2,1,2,2,1
1,Unk,30,12,2,1,4,2,1
1,Unk,30,34,2,2,4,4,0
1,Unk,30,33,2,2,4,2,1
1,Unk,30,32,2,2,2,2,1
1,Unk,31,5,2,1,4,4,0
1,Unk,31,4,2,1,4,2,1
1,Unk,31,3,2,1,4,2,1
1,Unk,31,27,2,2,2,2,1
1,Unk,31,28,2,2,2,2,1
1,Unk,31,29,2,2,4,2,1
1,Unk,32,6,2,1,4,4,0
1,Unk,32,5,2,1,4,4,0
1,Unk,32,4,2,1,2,2,1
1,Unk,32,28,2,2,4,2,1
1,Unk,32,29,2,2,4,2,1
1,Unk,32,30,2,2,2,2,1
1,Unk,33,7,2,1,2,2,1
1,Unk,33,6,2,1,4,4,0
1,Unk,33,5,2,1,4,4,0
1,Unk,33,29,2,2,2,2,1
1,Unk,33,30,2,2,2,2,1
1,Unk,33,21,2,2,4,4,0
1,Unk,34,8,2,1,4,4,0
1,Unk,34,7,2,1,4,2,1
1,Unk,34,6,2,1,4,2,1
1,Unk,34,30,2,2,2,2,1
1,Unk,34,21,2,2,4,4,0
1,Unk,34,22,2,2,4,2,1
1,Unk,35,9,2,1,4,4,0
1,Unk,35,8,2,1,2,2,1
1,Unk,35,7,2,1,4,4,0
1,Unk,35,21,2,2,4,2,1
1,Unk,35,22,2,2,4,2,1
1,Unk,35,23,2,2,2,2,1
1,Unk,36,10,2,1,2,2,1
1,Unk,36,9,2,1,2,2,1
1,Unk,36,8,2,1,4,2,1
1,Unk,36,22,2,2,4,2,1
1,Unk,36,23,2,2,2,2,1
1,Unk,36,24,2,2,2,2,1
1,Unk,37,1,2,1,4,4,0
1,Unk,37,10,2,1,4,4,0
1,Unk,37,9,2,1,2,2,1
1,Unk,37,23,2,2,2,2,1
1,Unk,37,24,2,2,2,2,1
1,Unk,37,25,2,2,2,2,1
1,Unk,38,2,2,1,4,2,1
1,Unk,38,1,2,1,2,2,0
1,Unk,38,10,2,1,4,4,0
1,Unk,38,24,2,2,4,2,1
1,Unk,38,25,2,2,4,4,0
1,Unk,38,26,2,2,2,2,1
1,Unk,39,3,2,1,4,4,0
1,Unk,39,2,2,1,4,2,1
1,Unk,39,1,2,1,4,2,0
1,Unk,39,25,2,2,2,2,1
1,Unk,39,26,2,2,4,2,1
1,Unk,39,27,2,2,4,2,1
1,Unk,40,4,2,1,4,2,1
1,Unk,40,3,2,1,2,2,1
1,Unk,40,2,2,1,2,2,1
1,Unk,40,26,2,2,4,2,1
1,Unk,40,27,2,2,4,4,0
1,Unk,40,28,2,2,2,2,1
1,Same,1,11,1,1,2,2,1
1,Same,1,20,1,1,2,2,1
1,Same,1,19,1,1,4,2,1
1,Same,1,18,1,1,2,2,1
1,Same,1,17,1,1,4,4,0
1,Same,1,16,1,1,4,4,0
1,Same,2,12,1,1,2,2,1
1,Same,2,11,1,1,2,2,1
1,Same,2,20,1,1,4,4,0
1,Same,2,19,1,1,2,2,1
1,Same,2,18,1,1,4,4,0
1,Same,2,17,1,1,2,2,1
1,Same,3,13,1,1,4,4,0
1,Same,3,12,1,1,2,2,1
1,Same,3,11,1,1,2,2,1
1,Same,3,20,1,1,2,2,1
1,Same,3,19,1,1,2,2,1
1,Same,3,18,1,1,2,2,1
1,Same,4,14,1,1,2,2,1
1,Same,4,13,1,1,4,4,0
1,Same,4,12,1,1,2,2,1
1,Same,4,11,1,1,4,2,1
1,Same,4,20,1,1,2,2,1
1,Same,4,19,1,1,2,2,1
1,Same,5,15,1,1,4,2,1
1,Same,5,14,1,1,4,2,1
1,Same,5,13,1,1,4,4,0
1,Same,5,12,1,1,2,2,1
1,Same,5,11,1,1,4,4,0
1,Same,5,20,1,1,4,2,1
1,Same,6,16,1,1,2,2,1
1,Same,6,15,1,1,4,2,1
1,Same,6,14,1,1,4,4,0
1,Same,6,13,1,1,4,4,0
1,Same,6,12,1,1,2,2,1
1,Same,6,11,1,1,2,2,1
1,Same,7,17,1,1,2,2,1
1,Same,7,16,1,1,4,4,0
1,Same,7,15,1,1,2,2,1
1,Same,7,14,1,1,2,2,1
1,Same,7,13,1,1,2,2,1
1,Same,7,12,1,1,2,2,1
1,Same,8,18,1,1,4,4,0
1,Same,8,17,1,1,4,4,0
1,Same,8,16,1,1,4,4,0
1,Same,8,15,1,1,4,2,1
1,Same,8,14,1,1,4,4,0
1,Same,8,13,1,1,4,4,0
1,Same,9,19,1,1,4,4,0
1,Same,9,18,1,1,2,2,1
1,Same,9,17,1,1,4,2,1
1,Same,9,16,1,1,4,4,0
1,Same,9,15,1,1,2,2,1
1,Same,9,14,1,1,4,4,0
1,Same,10,20,1,1,4,2,1
1,Same,10,19,1,1,4,4,0
1,Same,10,18,1,1,4,4,0
1,Same,10,17,1,1,4,2,1
1,Same,10,16,1,1,4,2,1
1,Same,10,15,1,1,4,4,0
1,Same,11,1,1,1,2,2,1
1,Same,11,2,1,1,2,2,1
1,Same,11,3,1,1,2,2,1
1,Same,11,4,1,1,4,2,1
1,Same,11,5,1,1,2,2,1
1,Same,11,6,1,1,4,4,0
1,Same,12,2,1,1,4,2,1
1,Same,12,3,1,1,2,2,1
1,Same,12,4,1,1,4,4,0
1,Same,12,5,1,1,2,2,1
1,Same,12,6,1,1,4,4,0
1,Same,12,7,1,1,2,2,1
1,Same,13,3,1,1,2,2,1
1,Same,13,4,1,1,4,2,1
1,Same,13,5,1,1,4,4,0
1,Same,13,6,1,1,2,2,1
1,Same,13,7,1,1,4,4,0
1,Same,13,8,1,1,2,2,1
1,Same,14,4,1,1,2,2,1
1,Same,14,5,1,1,4,2,1
1,Same,14,6,1,1,4,4,0
1,Same,14,7,1,1,2,2,1
1,Same,14,8,1,1,2,2,1
1,Same,14,9,1,1,2,2,1
1,Same,15,5,1,1,2,2,1
1,Same,15,6,1,1,2,2,1
1,Same,15,7,1,1,2,2,1
1,Same,15,8,1,1,2,2,1
1,Same,15,9,1,1,4,2,1
1,Same,15,10,1,1,4,2,1
1,Same,16,6,1,1,4,2,1
1,Same,16,7,1,1,4,4,0
1,Same,16,8,1,1,4,4,0
1,Same,16,9,1,1,4,2,1
1,Same,16,10,1,1,4,2,1
1,Same,16,1,1,1,4,2,0
1,Same,17,7,1,1,2,2,1
1,Same,17,8,1,1,4,2,1
1,Same,17,9,1,1,2,2,1
1,Same,17,10,1,1,2,2,1
1,Same,17,1,1,1,4,2,0
1,Same,17,2,1,1,2,2,1
1,Same,18,8,1,1,2,2,1
1,Same,18,9,1,1,4,4,0
1,Same,18,10,1,1,2,2,1
1,Same,18,1,1,1,2,2,1
1,Same,18,2,1,1,4,4,0
1,Same,18,3,1,1,2,2,1
1,Same,19,9,1,1,4,4,0
1,Same,19,10,1,1,4,4,0
1,Same,19,1,1,1,2,2,0
1,Same,19,2,1,1,4,2,1
1,Same,19,3,1,1,2,2,1
1,Same,19,4,1,1,2,2,1
1,Same,20,10,1,1,2,2,1
1,Same,20,1,1,1,4,4,0
1,Same,20,2,1,1,4,4,0
1,Same,20,3,1,1,4,2,1
1,Same,20,4,1,1,4,2,1
1,Same,20,5,1,1,2,2,1
1,Same,21,31,2,2,2,2,1
1,Same,21,40,2,2,2,2,1
1,Same,21,39,2,2,2,2,1
1,Same,21,38,2,2,2,2,1
1,Same,21,37,2,2,4,2,1
1,Same,21,36,2,2,4,4,0
1,Same,22,32,2,2,4,4,0
1,Same,22,31,2,2,2,2,1
1,Same,22,40,2,2,2,2,1
1,Same,22,39,2,2,2,2,1
1,Same,22,38,2,2,4,2,1
1,Same,22,37,2,2,4,4,0
1,Same,23,33,2,2,2,2,1
1,Same,23,32,2,2,2,2,1
1,Same,23,31,2,2,2,2,1
1,Same,23,40,2,2,4,2,1
1,Same,23,39,2,2,2,2,1
1,Same,23,38,2,2,4,4,0
1,Same,24,34,2,2,2,2,1
1,Same,24,33,2,2,4,2,1
1,Same,24,32,2,2,4,2,1
1,Same,24,31,2,2,2,2,1
1,Same,24,40,2,2,2,2,1
1,Same,24,39,2,2,4,4,0
1,Same,25,35,2,2,2,2,1
1,Same,25,34,2,2,2,2,1
1,Same,25,33,2,2,2,2,1
1,Same,25,32,2,2,4,4,0
1,Same,25,31,2,2,4,4,0
1,Same,25,40,2,2,4,2,1
1,Same,26,36,2,2,2,2,1
1,Same,26,35,2,2,2,2,1
1,Same,26,34,2,2,4,2,1
1,Same,26,33,2,2,4,2,1
1,Same,26,32,2,2,4,4,0
1,Same,26,31,2,2,2,2,1
1,Same,27,37,2,2,2,2,1
1,Same,27,36,2,2,4,2,1
1,Same,27,35,2,2,4,4,0
1,Same,27,34,2,2,2,2,1
1,Same,27,33,2,2,2,2,1
1,Same,27,32,2,2,2,2,1
1,Same,28,38,2,2,2,2,1
1,Same,28,37,2,2,4,2,1
1,Same,28,36,2,2,4,4,0
1,Same,28,35,2,2,4,4,0
1,Same,28,34,2,2,2,2,1
1,Same,28,33,2,2,2,2,1
1,Same,29,39,2,2,4,2,1
1,Same,29,38,2,2,2,2,1
1,Same,29,37,2,2,4,2,1
1,Same,29,36,2,2,2,2,1
1,Same,29,35,2,2,4,2,1
1,Same,29,34,2,2,2,2,1
1,Same,30,40,2,2,4,2,1
1,Same,30,39,2,2,4,2,1
1,Same,30,38,2,2,4,2,1
1,Same,30,37,2,2,4,2,1
1,Same,30,36,2,2,2,2,1
1,Same,30,35,2,2,2,2,1
1,Same,31,21,2,2,2,2,1
1,Same,31,22,2,2,4,2,1
1,Same,31,23,2,2,2,2,1
1,Same,31,24,2,2,4,2,1
1,Same,31,25,2,2,4,4,0
1,Same,31,26,2,2,4,4,0
1,Same,32,22,2,2,4,4,0
1,Same,32,23,2,2,2,2,1
1,Same,32,24,2,2,4,4,0
1,Same,32,25,2,2,2,2,1
1,Same,32,26,2,2,2,2,1
1,Same,32,27,2,2,4,2,1
1,Same,33,23,2,2,2,2,1
1,Same,33,24,2,2,2,2,1
1,Same,33,25,2,2,2,2,1
1,Same,33,26,2,2,4,2,1
1,Same,33,27,2,2,4,2,1
1,Same,33,28,2,2,2,2,1
1,Same,34,24,2,2,2,2,1
1,Same,34,25,2,2,2,2,1
1,Same,34,26,2,2,4,4,0
1,Same,34,27,2,2,4,2,1
1,Same,34,28,2,2,4,2,1
1,Same,34,29,2,2,2,2,1
1,Same,35,25,2,2,4,4,0
1,Same,35,26,2,2,4,4,0
1,Same,35,27,2,2,2,2,1
1,Same,35,28,2,2,2,2,1
1,Same,35,29,2,2,4,4,0
1,Same,35,30,2,2,4,4,0
1,Same,36,26,2,2,4,2,1
1,Same,36,27,2,2,4,2,1
1,Same,36,28,2,2,4,2,1
1,Same,36,29,2,2,4,2,1
1,Same,36,30,2,2,4,4,0
1,Same,36,21,2,2,2,2,1
1,Same,37,27,2,2,4,2,1
1,Same,37,28,2,2,2,2,1
1,Same,37,29,2,2,4,2,1
1,Same,37,30,2,2,2,2,1
1,Same,37,21,2,2,4,4,0
1,Same,37,22,2,2,2,2,1
1,Same,38,28,2,2,4,4,0
1,Same,38,29,2,2,4,4,0
1,Same,38,30,2,2,4,4,0
1,Same,38,21,2,2,4,4,0
1,Same,38,22,2,2,2,2,1
1,Same,38,23,2,2,2,2,1
1,Same,39,29,2,2,4,2,1
1,Same,39,30,2,2,2,2,1
1,Same,39,21,2,2,4,2,1
1,Same,39,22,2,2,2,2,1
1,Same,39,23,2,2,4,2,1
1,Same,39,24,2,2,4,4,0
1,Same,40,30,2,2,2,2,1
1,Same,40,21,2,2,4,4,0
1,Same,40,22,2,2,4,2,1
1,Same,40,23,2,2,4,4,0
1,Same,40,24,2,2,4,4,0
1,Same,40,25,2,2,4,2,1
1,Diff,1,31,1,2,4,4,0
1,Diff,1,32,1,2,4,2,1
1,Diff,1,33,1,2,2,2,1
1,Diff,1,34,1,2,2,2,1
1,Diff,1,35,1,2,2,2,1
1,Diff,1,36,1,2,4,4,0
1,Diff,2,32,1,2,2,2,1
1,Diff,2,33,1,2,4,2,1
1,Diff,2,34,1,2,4,4,0
1,Diff,2,35,1,2,4,4,0
1,Diff,2,36,1,2,2,2,1
1,Diff,2,37,1,2,4,4,0
1,Diff,3,33,1,2,4,4,0
1,Diff,3,34,1,2,4,4,0
1,Diff,3,35,1,2,2,2,1
1,Diff,3,36,1,2,2,2,1
1,Diff,3,37,1,2,4,4,0
1,Diff,3,38,1,2,4,4,0
1,Diff,4,34,1,2,4,2,1
1,Diff,4,35,1,2,2,2,1
1,Diff,4,36,1,2,4,4,0
1,Diff,4,37,1,2,2,2,1
1,Diff,4,38,1,2,4,4,0
1,Diff,4,39,1,2,4,2,1
1,Diff,5,35,1,2,2,2,1
1,Diff,5,36,1,2,4,2,1
1,Diff,5,37,1,2,4,4,0
1,Diff,5,38,1,2,2,2,1
1,Diff,5,39,1,2,4,4,0
1,Diff,5,40,1,2,4,2,1
1,Diff,6,36,1,2,2,2,1
1,Diff,6,37,1,2,2,2,1
1,Diff,6,38,1,2,4,4,0
1,Diff,6,39,1,2,4,2,1
1,Diff,6,40,1,2,4,2,1
1,Diff,6,31,1,2,4,4,0
1,Diff,7,37,1,2,2,2,1
1,Diff,7,38,1,2,2,2,1
1,Diff,7,39,1,2,2,2,1
1,Diff,7,40,1,2,4,4,0
1,Diff,7,31,1,2,4,4,0
1,Diff,7,32,1,2,2,2,1
1,Diff,8,38,1,2,4,4,0
1,Diff,8,39,1,2,4,4,0
1,Diff,8,40,1,2,4,4,0
1,Diff,8,31,1,2,4,4,0
1,Diff,8,32,1,2,2,2,1
1,Diff,8,33,1,2,4,2,1
1,Diff,9,39,1,2,4,2,1
1,Diff,9,40,1,2,2,2,1
1,Diff,9,31,1,2,4,2,1
1,Diff,9,32,1,2,4,2,1
1,Diff,9,33,1,2,2,2,1
1,Diff,9,34,1,2,2,2,1
1,Diff,10,40,1,2,4,4,0
1,Diff,10,31,1,2,4,4,0
1,Diff,10,32,1,2,2,2,1
1,Diff,10,33,1,2,4,2,1
1,Diff,10,34,1,2,2,2,1
1,Diff,10,35,1,2,2,2,1
1,Diff,11,21,1,2,2,2,1
1,Diff,11,22,1,2,4,2,1
1,Diff,11,23,1,2,2,2,1
1,Diff,11,24,1,2,2,2,1
1,Diff,11,25,1,2,2,2,1
1,Diff,11,26,1,2,2,2,1
1,Diff,12,22,1,2,4,4,0
1,Diff,12,23,1,2,4,2,1
1,Diff,12,24,1,2,2,2,1
1,Diff,12,25,1,2,2,2,1
1,Diff,12,26,1,2,4,2,1
1,Diff,12,27,1,2,4,4,0
1,Diff,13,23,1,2,4,4,0
1,Diff,13,24,1,2,4,2,1
1,Diff,13,25,1,2,2,2,1
1,Diff,13,26,1,2,2,2,1
1,Diff,13,27,1,2,2,2,1
1,Diff,13,28,1,2,4,4,0
1,Diff,14,24,1,2,4,2,1
1,Diff,14,25,1,2,4,2,1
1,Diff,14,26,1,2,4,4,0
1,Diff,14,27,1,2,2,2,1
1,Diff,14,28,1,2,2,2,1
1,Diff,14,29,1,2,2,2,1
1,Diff,15,25,1,2,2,2,1
1,Diff,15,26,1,2,4,2,1
1,Diff,15,27,1,2,4,2,1
1,Diff,15,28,1,2,2,2,1
1,Diff,15,29,1,2,4,2,1
1,Diff,15,30,1,2,4,2,1
1,Diff,16,26,1,2,2,2,1
1,Diff,16,27,1,2,2,2,1
1,Diff,16,28,1,2,4,4,0
1,Diff,16,29,1,2,2,2,1
1,Diff,16,30,1,2,4,2,1
1,Diff,16,21,1,2,2,2,1
1,Diff,17,27,1,2,4,2,1
1,Diff,17,28,1,2,2,2,1
1,Diff,17,29,1,2,2,2,1
1,Diff,17,30,1,2,4,4,0
1,Diff,17,21,1,2,2,2,1
1,Diff,17,22,1,2,2,2,1
1,Diff,18,28,1,2,2,2,1
1,Diff,18,29,1,2,2,2,1
1,Diff,18,30,1,2,4,4,0
1,Diff,18,21,1,2,4,4,0
1,Diff,18,22,1,2,4,4,0
1,Diff,18,23,1,2,4,4,0
1,Diff,19,29,1,2,4,4,0
1,Diff,19,30,1,2,4,2,1
1,Diff,19,21,1,2,2,2,1
1,Diff,19,22,1,2,4,2,1
1,Diff,19,23,1,2,2,2,1
1,Diff,19,24,1,2,4,4,0
1,Diff,20,30,1,2,4,4,0
1,Diff,20,21,1,2,2,2,1
1,Diff,20,22,1,2,4,2,1
1,Diff,20,23,1,2,4,4,0
1,Diff,20,24,1,2,2,2,1
1,Diff,20,25,1,2,2,2,1
1,Diff,21,11,2,1,4,2,1
1,Diff,21,20,2,1,4,2,1
1,Diff,21,19,2,1,2,2,1
1,Diff,21,18,2,1,4,2,1
1,Diff,21,17,2,1,2,2,1
1,Diff,21,16,2,1,4,2,1
1,Diff,22,12,2,1,4,4,0
1,Diff,22,11,2,1,4,4,0
1,Diff,22,20,2,1,4,4,0
1,Diff,22,19,2,1,2,2,1
1,Diff,22,18,2,1,4,2,1
1,Diff,22,17,2,1,2,2,1
1,Diff,23,13,2,1,4,4,0
1,Diff,23,12,2,1,2,2,1
1,Diff,23,11,2,1,2,2,1
1,Diff,23,20,2,1,2,2,1
1,Diff,23,19,2,1,4,2,1
1,Diff,23,18,2,1,4,2,1
1,Diff,24,14,2,1,4,2,1
1,Diff,24,13,2,1,2,2,1
1,Diff,24,12,2,1,2,2,1
1,Diff,24,11,2,1,2,2,1
1,Diff,24,20,2,1,2,2,1
1,Diff,24,19,2,1,2,2,1
1,Diff,25,15,2,1,2,2,1
1,Diff,25,14,2,1,4,2,1
1,Diff,25,13,2,1,2,2,1
1,Diff,25,12,2,1,4,2,1
1,Diff,25,11,2,1,4,2,1
1,Diff,25,20,2,1,2,2,1
1,Diff,26,16,2,1,2,2,1
1,Diff,26,15,2,1,4,4,0
1,Diff,26,14,2,1,2,2,1
1,Diff,26,13,2,1,2,2,1
1,Diff,26,12,2,1,4,2,1
1,Diff,26,11,2,1,4,2,1
1,Diff,27,17,2,1,2,2,1
1,Diff,27,16,2,1,2,2,1
1,Diff,27,15,2,1,2,2,1
1,Diff,27,14,2,1,4,2,1
1,Diff,27,13,2,1,4,4,0
1,Diff,27,12,2,1,2,2,1
1,Diff,28,18,2,1,4,2,1
1,Diff,28,17,2,1,2,2,1
1,Diff,28,16,2,1,4,2,1
1,Diff,28,15,2,1,4,4,0
1,Diff,28,14,2,1,4,4,0
1,Diff,28,13,2,1,2,2,1
1,Diff,29,19,2,1,2,2,1
1,Diff,29,18,2,1,2,2,1
1,Diff,29,17,2,1,4,4,0
1,Diff,29,16,2,1,4,2,1
1,Diff,29,15,2,1,2,2,1
1,Diff,29,14,2,1,2,2,1
1,Diff,30,20,2,1,4,4,0
1,Diff,30,19,2,1,2,2,1
1,Diff,30,18,2,1,4,4,0
1,Diff,30,17,2,1,2,2,1
1,Diff,30,16,2,1,2,2,1
1,Diff,30,15,2,1,4,4,0
1,Diff,31,1,2,1,2,2,1
1,Diff,31,10,2,1,4,4,0
1,Diff,31,9,2,1,2,2,1
1,Diff,31,8,2,1,2,2,1
1,Diff,31,7,2,1,2,2,1
1,Diff,31,6,2,1,4,4,0
1,Diff,32,2,2,1,2,2,1
1,Diff,32,1,2,1,2,2,0
1,Diff,32,10,2,1,4,4,0
1,Diff,32,9,2,1,4,4,0
1,Diff,32,8,2,1,2,2,1
1,Diff,32,7,2,1,2,2,1
1,Diff,33,3,2,1,4,4,0
1,Diff,33,2,2,1,2,2,1
1,Diff,33,1,2,1,2,2,0
1,Diff,33,10,2,1,4,4,0
1,Diff,33,9,2,1,4,2,1
1,Diff,33,8,2,1,2,2,1
1,Diff,34,4,2,1,4,4,0
1,Diff,34,3,2,1,4,2,1
1,Diff,34,2,2,1,4,4,0
1,Diff,34,1,2,1,4,4,0
1,Diff,34,10,2,1,4,2,1
1,Diff,34,9,2,1,4,2,1
1,Diff,35,5,2,1,4,4,0
1,Diff,35,4,2,1,2,2,1
1,Diff,35,3,2,1,4,2,1
1,Diff,35,2,2,1,4,4,0
1,Diff,35,1,2,1,2,2,0
1,Diff,35,10,2,1,4,4,0
1,Diff,36,6,2,1,2,2,1
1,Diff,36,5,2,1,2,2,1
1,Diff,36,4,2,1,4,2,1
1,Diff,36,3,2,1,4,2,1
1,Diff,36,2,2,1,4,2,1
1,Diff,36,1,2,1,4,2,0
1,Diff,37,7,2,1,2,2,1
1,Diff,37,6,2,1,4,4,0
1,Diff,37,5,2,1,4,4,0
1,Diff,37,4,2,1,2,2,1
1,Diff,37,3,2,1,4,2,1
1,Diff,37,2,2,1,2,2,1
1,Diff,38,8,2,1,2,2,1
1,Diff,38,7,2,1,4,4,0
1,Diff,38,6,2,1,2,2,1
1,Diff,38,5,2,1,2,2,1
1,Diff,38,4,2,1,4,2,1
1,Diff,38,3,2,1,4,4,0
1,Diff,39,9,2,1,4,4,0
1,Diff,39,8,2,1,2,2,1
1,Diff,39,7,2,1,4,4,0
1,Diff,39,6,2,1,2,2,1
1,Diff,39,5,2,1,2,2,1
1,Diff,39,4,2,1,2,2,1
1,Diff,40,10,2,1,2,2,1
1,Diff,40,9,2,1,2,2,1
1,Diff,40,8,2,1,4,4,0
1,Diff,40,7,2,1,2,2,1
1,Diff,40,6,2,1,2,2,1
1,Diff,40,5,2,1,2,2,1
